,Accuracy,Precision,Recall,F1-Score
Logistic Regression,0.9994318181818181,0.9981343283582089,1.0,0.9990662931839402
Random Forest,0.9988636363636364,1.0,0.9962616822429906,0.99812734082397
